year,track,id,image,gt,size_match,gt_dark
2009,,h01,data/raw/2009/DIBC02009_Test_images-handwritten/H01.bmp,data/raw/2009/DIBCO2009-GT-Test-images_handwritten/H01.tiff,True,0.0669
2009,,h02,data/raw/2009/DIBC02009_Test_images-handwritten/H02.bmp,data/raw/2009/DIBCO2009-GT-Test-images_handwritten/H02.tiff,True,0.0216
2009,,h03,data/raw/2009/DIBC02009_Test_images-handwritten/H03.bmp,data/raw/2009/DIBCO2009-GT-Test-images_handwritten/H03.tiff,True,0.097
2009,,h04,data/raw/2009/DIBC02009_Test_images-handwritten/H04.bmp,data/raw/2009/DIBCO2009-GT-Test-images_handwritten/H04.tiff,True,0.0734
2009,,h05,data/raw/2009/DIBC02009_Test_images-handwritten/H05.bmp,data/raw/2009/DIBCO2009-GT-Test-images_handwritten/H05.tiff,True,0.0381
2009,,p01,data/raw/2009/DIBCO2009_Test_images-printed/P01.bmp,data/raw/2009/DIBCO2009-GT-Test-images_printed/P01.tiff,True,0.1207
2009,,p02,data/raw/2009/DIBCO2009_Test_images-printed/P02.bmp,data/raw/2009/DIBCO2009-GT-Test-images_printed/P02.tiff,True,0.2075
2009,,p03,data/raw/2009/DIBCO2009_Test_images-printed/P03.bmp,data/raw/2009/DIBCO2009-GT-Test-images_printed/P03.tiff,True,0.1709
2009,,p04,data/raw/2009/DIBCO2009_Test_images-printed/P04.bmp,data/raw/2009/DIBCO2009-GT-Test-images_printed/P04.tiff,True,0.1046
2009,,p05,data/raw/2009/DIBCO2009_Test_images-printed/P05.bmp,data/raw/2009/DIBCO2009-GT-Test-images_printed/P05.tiff,True,0.1463
2010,,h01,data/raw/2010/H_DIBCO2010_test_images/H01.tif,data/raw/2010/H_DIBCO2010_GT/H01_estGT.tiff,True,0.1069
2010,,h02,data/raw/2010/H_DIBCO2010_test_images/H02.jpg,data/raw/2010/H_DIBCO2010_GT/H02_estGT.tiff,True,0.0451
2010,,h03,data/raw/2010/H_DIBCO2010_test_images/H03.tif,data/raw/2010/H_DIBCO2010_GT/H03_estGT.tiff,True,0.0708
2010,,h04,data/raw/2010/H_DIBCO2010_test_images/H04.bmp,data/raw/2010/H_DIBCO2010_GT/H04_estGT.tiff,True,0.0833
2010,,h05,data/raw/2010/H_DIBCO2010_test_images/H05.jpg,data/raw/2010/H_DIBCO2010_GT/H05_estGT.tiff,True,0.0578
2010,,h06,data/raw/2010/H_DIBCO2010_test_images/H06.tif,data/raw/2010/H_DIBCO2010_GT/H06_estGT.tiff,True,0.0634
2010,,h07,data/raw/2010/H_DIBCO2010_test_images/H07.jpg,data/raw/2010/H_DIBCO2010_GT/H07_estGT.tiff,True,0.0702
2010,,h08,data/raw/2010/H_DIBCO2010_test_images/H08.jpg,data/raw/2010/H_DIBCO2010_GT/H08_estGT.tiff,True,0.079
2010,,h09,data/raw/2010/H_DIBCO2010_test_images/H09.jpg,data/raw/2010/H_DIBCO2010_GT/H09_estGT.tiff,True,0.0464
2010,,h10,data/raw/2010/H_DIBCO2010_test_images/H10.jpg,data/raw/2010/H_DIBCO2010_GT/H10_estGT.tiff,True,0.0606
2011,,hw1,data/raw/2011/DIBCO11-handwritten/HW1.png,data/raw/2011/DIBCO11-handwritten/HW1_GT.tiff,True,0.1267
2011,,hw2,data/raw/2011/DIBCO11-handwritten/HW2.png,data/raw/2011/DIBCO11-handwritten/HW2_GT.tiff,True,0.0459
2011,,hw3,data/raw/2011/DIBCO11-handwritten/HW3.png,data/raw/2011/DIBCO11-handwritten/HW3_GT.tiff,True,0.0754
2011,,hw4,data/raw/2011/DIBCO11-handwritten/HW4.png,data/raw/2011/DIBCO11-handwritten/HW4_GT.tiff,True,0.0932
2011,,hw5,data/raw/2011/DIBCO11-handwritten/HW5.png,data/raw/2011/DIBCO11-handwritten/HW5_GT.tiff,True,0.1124
2011,,hw6,data/raw/2011/DIBCO11-handwritten/HW6.png,data/raw/2011/DIBCO11-handwritten/HW6_GT.tiff,True,0.0733
2011,,hw7,data/raw/2011/DIBCO11-handwritten/HW7.png,data/raw/2011/DIBCO11-handwritten/HW7_GT.tiff,True,0.0411
2011,,hw8,data/raw/2011/DIBCO11-handwritten/HW8.png,data/raw/2011/DIBCO11-handwritten/HW8_GT.tiff,True,0.0475
2011,,pr1,data/raw/2011/DIBCO11-machine_printed/PR1.png,data/raw/2011/DIBCO11-machine_printed/PR1_GT.tiff,True,0.1683
2011,,pr2,data/raw/2011/DIBCO11-machine_printed/PR2.png,data/raw/2011/DIBCO11-machine_printed/PR2_GT.tiff,True,0.1171
2011,,pr3,data/raw/2011/DIBCO11-machine_printed/PR3.png,data/raw/2011/DIBCO11-machine_printed/PR3_GT.tiff,True,0.1843
2011,,pr4,data/raw/2011/DIBCO11-machine_printed/PR4.png,data/raw/2011/DIBCO11-machine_printed/PR4_GT.tiff,True,0.1131
2011,,pr5,data/raw/2011/DIBCO11-machine_printed/PR5.png,data/raw/2011/DIBCO11-machine_printed/PR5_GT.tiff,True,0.138
2011,,pr6,data/raw/2011/DIBCO11-machine_printed/PR6.png,data/raw/2011/DIBCO11-machine_printed/PR6_GT.tiff,True,0.0496
2011,,pr7,data/raw/2011/DIBCO11-machine_printed/PR7.png,data/raw/2011/DIBCO11-machine_printed/PR7_GT.tiff,True,0.0247
2011,,pr8,data/raw/2011/DIBCO11-machine_printed/PR8.png,data/raw/2011/DIBCO11-machine_printed/PR8_GT.tiff,True,0.1377
2012,,h01,data/raw/2012/H-DIBCO2012-dataset/H-DIBCO2012-dataset/H-DIBCO2012-dataset/H01.png,data/raw/2012/H-DIBCO2012-dataset/H-DIBCO2012-dataset/H-DIBCO2012-dataset/H01_GT.tif,True,0.0569
2012,,h02,data/raw/2012/H-DIBCO2012-dataset/H-DIBCO2012-dataset/H-DIBCO2012-dataset/H02.png,data/raw/2012/H-DIBCO2012-dataset/H-DIBCO2012-dataset/H-DIBCO2012-dataset/H02_GT.tif,True,0.0847
2012,,h03,data/raw/2012/H-DIBCO2012-dataset/H-DIBCO2012-dataset/H-DIBCO2012-dataset/H03.png,data/raw/2012/H-DIBCO2012-dataset/H-DIBCO2012-dataset/H-DIBCO2012-dataset/H03_GT.tif,True,0.0636
2012,,h04,data/raw/2012/H-DIBCO2012-dataset/H-DIBCO2012-dataset/H-DIBCO2012-dataset/H04.png,data/raw/2012/H-DIBCO2012-dataset/H-DIBCO2012-dataset/H-DIBCO2012-dataset/H04_GT.tif,True,0.0485
2012,,h05,data/raw/2012/H-DIBCO2012-dataset/H-DIBCO2012-dataset/H-DIBCO2012-dataset/H05.png,data/raw/2012/H-DIBCO2012-dataset/H-DIBCO2012-dataset/H-DIBCO2012-dataset/H05_GT.tif,True,0.0593
2012,,h06,data/raw/2012/H-DIBCO2012-dataset/H-DIBCO2012-dataset/H-DIBCO2012-dataset/H06.png,data/raw/2012/H-DIBCO2012-dataset/H-DIBCO2012-dataset/H-DIBCO2012-dataset/H06_GT.tif,True,0.0659
2012,,h07,data/raw/2012/H-DIBCO2012-dataset/H-DIBCO2012-dataset/H-DIBCO2012-dataset/H07.png,data/raw/2012/H-DIBCO2012-dataset/H-DIBCO2012-dataset/H-DIBCO2012-dataset/H07_GT.tif,True,0.0666
2012,,h08,data/raw/2012/H-DIBCO2012-dataset/H-DIBCO2012-dataset/H-DIBCO2012-dataset/H08.png,data/raw/2012/H-DIBCO2012-dataset/H-DIBCO2012-dataset/H-DIBCO2012-dataset/H08_GT.tif,True,0.0707
2012,,h09,data/raw/2012/H-DIBCO2012-dataset/H-DIBCO2012-dataset/H-DIBCO2012-dataset/H09.png,data/raw/2012/H-DIBCO2012-dataset/H-DIBCO2012-dataset/H-DIBCO2012-dataset/H09_GT.tif,True,0.1148
2012,,h10,data/raw/2012/H-DIBCO2012-dataset/H-DIBCO2012-dataset/H-DIBCO2012-dataset/H10.png,data/raw/2012/H-DIBCO2012-dataset/H-DIBCO2012-dataset/H-DIBCO2012-dataset/H10_GT.tif,True,0.0997
2012,,h11,data/raw/2012/H-DIBCO2012-dataset/H-DIBCO2012-dataset/H-DIBCO2012-dataset/H11.png,data/raw/2012/H-DIBCO2012-dataset/H-DIBCO2012-dataset/H-DIBCO2012-dataset/H11_GT.tif,True,0.0857
2012,,h12,data/raw/2012/H-DIBCO2012-dataset/H-DIBCO2012-dataset/H-DIBCO2012-dataset/H12.png,data/raw/2012/H-DIBCO2012-dataset/H-DIBCO2012-dataset/H-DIBCO2012-dataset/H12_GT.tif,True,0.0577
2012,,h13,data/raw/2012/H-DIBCO2012-dataset/H-DIBCO2012-dataset/H-DIBCO2012-dataset/H13.png,data/raw/2012/H-DIBCO2012-dataset/H-DIBCO2012-dataset/H-DIBCO2012-dataset/H13_GT.tif,True,0.0484
2012,,h14,data/raw/2012/H-DIBCO2012-dataset/H-DIBCO2012-dataset/H-DIBCO2012-dataset/H14.png,data/raw/2012/H-DIBCO2012-dataset/H-DIBCO2012-dataset/H-DIBCO2012-dataset/H14_GT.tif,True,0.0459
2013,,hw01,data/raw/2013/OriginalImages/HW01.bmp,data/raw/2013/GTimages/HW01_estGT.tiff,True,0.0391
2013,,hw02,data/raw/2013/OriginalImages/HW02.bmp,data/raw/2013/GTimages/HW02_estGT.tiff,True,0.0671
2013,,hw03,data/raw/2013/OriginalImages/HW03.bmp,data/raw/2013/GTimages/HW03_estGT.tiff,True,0.066
2013,,hw04,data/raw/2013/OriginalImages/HW04.bmp,data/raw/2013/GTimages/HW04_estGT.tiff,True,0.0476
2013,,hw05,data/raw/2013/OriginalImages/HW05.bmp,data/raw/2013/GTimages/HW05_estGT.tiff,True,0.0311
2013,,hw06,data/raw/2013/OriginalImages/HW06.tiff,data/raw/2013/GTimages/HW06_estGT.tiff,True,0.0669
2013,,hw07,data/raw/2013/OriginalImages/HW07.bmp,data/raw/2013/GTimages/HW07_estGT.tiff,True,0.0229
2013,,hw08,data/raw/2013/OriginalImages/HW08.tiff,data/raw/2013/GTimages/HW08_estGT.tiff,True,0.0603
2013,,pr01,data/raw/2013/OriginalImages/PR01.bmp,data/raw/2013/GTimages/PR01_estGT.tiff,True,0.0508
2013,,pr02,data/raw/2013/OriginalImages/PR02.bmp,data/raw/2013/GTimages/PR02_estGT.tiff,True,0.0893
2013,,pr03,data/raw/2013/OriginalImages/PR03.bmp,data/raw/2013/GTimages/PR03_estGT.tiff,True,0.0732
2013,,pr04,data/raw/2013/OriginalImages/PR04.bmp,data/raw/2013/GTimages/PR04_estGT.tiff,True,0.1241
2013,,pr05,data/raw/2013/OriginalImages/PR05.bmp,data/raw/2013/GTimages/PR05_estGT.tiff,True,0.1839
2013,,pr06,data/raw/2013/OriginalImages/PR06.bmp,data/raw/2013/GTimages/PR06_estGT.tiff,True,0.1135
2013,,pr07,data/raw/2013/OriginalImages/PR07.bmp,data/raw/2013/GTimages/PR07_estGT.tiff,True,0.2118
2013,,pr08,data/raw/2013/OriginalImages/PR08.bmp,data/raw/2013/GTimages/PR08_estGT.tiff,True,0.0858
2014,,h01,data/raw/2014/original_images/H01.png,data/raw/2014/GT/H01_estGT.tiff,True,0.0568
2014,,h02,data/raw/2014/original_images/H02.png,data/raw/2014/GT/H02_estGT.tiff,True,0.0823
2014,,h03,data/raw/2014/original_images/H03.png,data/raw/2014/GT/H03_estGT.tiff,True,0.104
2014,,h04,data/raw/2014/original_images/H04.png,data/raw/2014/GT/H04_estGT.tiff,True,0.1504
2014,,h05,data/raw/2014/original_images/H05.png,data/raw/2014/GT/H05_estGT.tiff,True,0.1628
2014,,h06,data/raw/2014/original_images/H06.png,data/raw/2014/GT/H06_estGT.tiff,True,0.153
2014,,h07,data/raw/2014/original_images/H07.png,data/raw/2014/GT/H07_estGT.tiff,True,0.0882
2014,,h08,data/raw/2014/original_images/H08.png,data/raw/2014/GT/H08_estGT.tiff,True,0.0303
2014,,h09,data/raw/2014/original_images/H09.png,data/raw/2014/GT/H09_estGT.tiff,True,0.0982
2014,,h10,data/raw/2014/original_images/H10.png,data/raw/2014/GT/H10_estGT.tiff,True,0.0982
2016,,1,data/raw/2016/DIBCO2016_dataset-original/DIPCO2016_dataset/1.bmp,data/raw/2016/DIBCO2016_dataset-GT/DIPCO2016_Dataset_GT/1_gt.bmp,True,0.0698
2016,,10,data/raw/2016/DIBCO2016_dataset-original/DIPCO2016_dataset/10.bmp,data/raw/2016/DIBCO2016_dataset-GT/DIPCO2016_Dataset_GT/10_gt.bmp,True,0.1467
2016,,2,data/raw/2016/DIBCO2016_dataset-original/DIPCO2016_dataset/2.bmp,data/raw/2016/DIBCO2016_dataset-GT/DIPCO2016_Dataset_GT/2_gt.bmp,True,0.0211
2016,,3,data/raw/2016/DIBCO2016_dataset-original/DIPCO2016_dataset/3.bmp,data/raw/2016/DIBCO2016_dataset-GT/DIPCO2016_Dataset_GT/3_gt.bmp,True,0.0487
2016,,4,data/raw/2016/DIBCO2016_dataset-original/DIPCO2016_dataset/4.bmp,data/raw/2016/DIBCO2016_dataset-GT/DIPCO2016_Dataset_GT/4_gt.bmp,True,0.0564
2016,,5,data/raw/2016/DIBCO2016_dataset-original/DIPCO2016_dataset/5.bmp,data/raw/2016/DIBCO2016_dataset-GT/DIPCO2016_Dataset_GT/5_gt.bmp,True,0.0685
2016,,6,data/raw/2016/DIBCO2016_dataset-original/DIPCO2016_dataset/6.bmp,data/raw/2016/DIBCO2016_dataset-GT/DIPCO2016_Dataset_GT/6_gt.bmp,True,0.0632
2016,,7,data/raw/2016/DIBCO2016_dataset-original/DIPCO2016_dataset/7.bmp,data/raw/2016/DIBCO2016_dataset-GT/DIPCO2016_Dataset_GT/7_gt.bmp,True,0.1049
2016,,8,data/raw/2016/DIBCO2016_dataset-original/DIPCO2016_dataset/8.bmp,data/raw/2016/DIBCO2016_dataset-GT/DIPCO2016_Dataset_GT/8_gt.bmp,True,0.1438
2016,,9,data/raw/2016/DIBCO2016_dataset-original/DIPCO2016_dataset/9.bmp,data/raw/2016/DIBCO2016_dataset-GT/DIPCO2016_Dataset_GT/9_gt.bmp,True,0.1209
2017,,1,data/raw/2017/DIBCO2017_Dataset/Dataset/1.bmp,data/raw/2017/DIBCO2017_GT/GT/1_gt.bmp,True,0.0943
2017,,10,data/raw/2017/DIBCO2017_Dataset/Dataset/10.bmp,data/raw/2017/DIBCO2017_GT/GT/10_gt.bmp,True,0.143
2017,,11,data/raw/2017/DIBCO2017_Dataset/Dataset/11.bmp,data/raw/2017/DIBCO2017_GT/GT/11_gt.bmp,True,0.1361
2017,,12,data/raw/2017/DIBCO2017_Dataset/Dataset/12.bmp,data/raw/2017/DIBCO2017_GT/GT/12_gt.bmp,True,0.0924
2017,,13,data/raw/2017/DIBCO2017_Dataset/Dataset/13.bmp,data/raw/2017/DIBCO2017_GT/GT/13_gt.bmp,True,0.0709
2017,,14,data/raw/2017/DIBCO2017_Dataset/Dataset/14.bmp,data/raw/2017/DIBCO2017_GT/GT/14_gt.bmp,True,0.0759
2017,,15,data/raw/2017/DIBCO2017_Dataset/Dataset/15.bmp,data/raw/2017/DIBCO2017_GT/GT/15_gt.bmp,True,0.1511
2017,,16,data/raw/2017/DIBCO2017_Dataset/Dataset/16.bmp,data/raw/2017/DIBCO2017_GT/GT/16_gt.bmp,True,0.0546
2017,,17,data/raw/2017/DIBCO2017_Dataset/Dataset/17.bmp,data/raw/2017/DIBCO2017_GT/GT/17_gt.bmp,True,0.0521
2017,,18,data/raw/2017/DIBCO2017_Dataset/Dataset/18.bmp,data/raw/2017/DIBCO2017_GT/GT/18_gt.bmp,True,0.0981
2017,,19,data/raw/2017/DIBCO2017_Dataset/Dataset/19.bmp,data/raw/2017/DIBCO2017_GT/GT/19_gt.bmp,True,0.074
2017,,2,data/raw/2017/DIBCO2017_Dataset/Dataset/2.bmp,data/raw/2017/DIBCO2017_GT/GT/2_gt.bmp,True,0.1021
2017,,20,data/raw/2017/DIBCO2017_Dataset/Dataset/20.bmp,data/raw/2017/DIBCO2017_GT/GT/20_gt.bmp,True,0.1157
2017,,3,data/raw/2017/DIBCO2017_Dataset/Dataset/3.bmp,data/raw/2017/DIBCO2017_GT/GT/3_gt.bmp,True,0.0779
2017,,4,data/raw/2017/DIBCO2017_Dataset/Dataset/4.bmp,data/raw/2017/DIBCO2017_GT/GT/4_gt.bmp,True,0.0597
2017,,5,data/raw/2017/DIBCO2017_Dataset/Dataset/5.bmp,data/raw/2017/DIBCO2017_GT/GT/5_gt.bmp,True,0.0382
2017,,6,data/raw/2017/DIBCO2017_Dataset/Dataset/6.bmp,data/raw/2017/DIBCO2017_GT/GT/6_gt.bmp,True,0.2223
2017,,7,data/raw/2017/DIBCO2017_Dataset/Dataset/7.bmp,data/raw/2017/DIBCO2017_GT/GT/7_gt.bmp,True,0.2079
2017,,8,data/raw/2017/DIBCO2017_Dataset/Dataset/8.bmp,data/raw/2017/DIBCO2017_GT/GT/8_gt.bmp,True,0.0789
2017,,9,data/raw/2017/DIBCO2017_Dataset/Dataset/9.bmp,data/raw/2017/DIBCO2017_GT/GT/9_gt.bmp,True,0.1069
2018,,1,data/raw/2018/dibco2018_Dataset/dataset/1.bmp,data/raw/2018/dibco2018-GT/gt/1_gt.bmp,True,0.051
2018,,10,data/raw/2018/dibco2018_Dataset/dataset/10.bmp,data/raw/2018/dibco2018-GT/gt/10_gt.bmp,True,0.1515
2018,,2,data/raw/2018/dibco2018_Dataset/dataset/2.bmp,data/raw/2018/dibco2018-GT/gt/2_gt.bmp,True,0.0472
2018,,3,data/raw/2018/dibco2018_Dataset/dataset/3.bmp,data/raw/2018/dibco2018-GT/gt/3_gt.bmp,True,0.1622
2018,,4,data/raw/2018/dibco2018_Dataset/dataset/4.bmp,data/raw/2018/dibco2018-GT/gt/4_gt.bmp,True,0.0326
2018,,5,data/raw/2018/dibco2018_Dataset/dataset/5.bmp,data/raw/2018/dibco2018-GT/gt/5_gt.bmp,True,0.0681
2018,,6,data/raw/2018/dibco2018_Dataset/dataset/6.bmp,data/raw/2018/dibco2018-GT/gt/6_gt.bmp,True,0.095
2018,,7,data/raw/2018/dibco2018_Dataset/dataset/7.bmp,data/raw/2018/dibco2018-GT/gt/7_gt.bmp,True,0.0371
2018,,8,data/raw/2018/dibco2018_Dataset/dataset/8.bmp,data/raw/2018/dibco2018-GT/gt/8_gt.bmp,True,0.1135
2018,,9,data/raw/2018/dibco2018_Dataset/dataset/9.bmp,data/raw/2018/dibco2018-GT/gt/9_gt.bmp,True,0.0767
2019,A,1,data/raw/2019/dibco2019_dataset_trackA/Dataset/1.bmp,data/raw/2019/dibco2019_gt_trackA/GT/1.bmp,True,0.0468
2019,A,10,data/raw/2019/dibco2019_dataset_trackA/Dataset/10.bmp,data/raw/2019/dibco2019_gt_trackA/GT/10.bmp,True,0.0532
2019,A,2,data/raw/2019/dibco2019_dataset_trackA/Dataset/2.bmp,data/raw/2019/dibco2019_gt_trackA/GT/2.bmp,True,0.0267
2019,A,3,data/raw/2019/dibco2019_dataset_trackA/Dataset/3.bmp,data/raw/2019/dibco2019_gt_trackA/GT/3.bmp,True,0.0215
2019,A,4,data/raw/2019/dibco2019_dataset_trackA/Dataset/4.bmp,data/raw/2019/dibco2019_gt_trackA/GT/4.bmp,True,0.0424
2019,A,5,data/raw/2019/dibco2019_dataset_trackA/Dataset/5.bmp,data/raw/2019/dibco2019_gt_trackA/GT/5.bmp,True,0.0709
2019,A,6,data/raw/2019/dibco2019_dataset_trackA/Dataset/6.bmp,data/raw/2019/dibco2019_gt_trackA/GT/6.bmp,True,0.0813
2019,A,7,data/raw/2019/dibco2019_dataset_trackA/Dataset/7.bmp,data/raw/2019/dibco2019_gt_trackA/GT/7.bmp,True,0.08
2019,A,8,data/raw/2019/dibco2019_dataset_trackA/Dataset/8.bmp,data/raw/2019/dibco2019_gt_trackA/GT/8.bmp,True,0.0381
2019,A,9,data/raw/2019/dibco2019_dataset_trackA/Dataset/9.bmp,data/raw/2019/dibco2019_gt_trackA/GT/9.bmp,True,0.0778
2019,B,11,data/raw/2019/dibco2019_dataset_trackB/Dataset/11.bmp,data/raw/2019/dibco2019_GT_trackB/GT/11.bmp,True,0.0455
2019,B,12,data/raw/2019/dibco2019_dataset_trackB/Dataset/12.bmp,data/raw/2019/dibco2019_GT_trackB/GT/12.bmp,True,0.0899
2019,B,13,data/raw/2019/dibco2019_dataset_trackB/Dataset/13.bmp,data/raw/2019/dibco2019_GT_trackB/GT/13.bmp,True,0.0751
2019,B,14,data/raw/2019/dibco2019_dataset_trackB/Dataset/14.bmp,data/raw/2019/dibco2019_GT_trackB/GT/14.bmp,True,0.1068
2019,B,15,data/raw/2019/dibco2019_dataset_trackB/Dataset/15.bmp,data/raw/2019/dibco2019_GT_trackB/GT/15.bmp,True,0.051
2019,B,16,data/raw/2019/dibco2019_dataset_trackB/Dataset/16.bmp,data/raw/2019/dibco2019_GT_trackB/GT/16.bmp,True,0.0586
2019,B,17,data/raw/2019/dibco2019_dataset_trackB/Dataset/17.bmp,data/raw/2019/dibco2019_GT_trackB/GT/17.bmp,True,0.092
2019,B,18,data/raw/2019/dibco2019_dataset_trackB/Dataset/18.bmp,data/raw/2019/dibco2019_GT_trackB/GT/18.bmp,True,0.1296
2019,B,19,data/raw/2019/dibco2019_dataset_trackB/Dataset/19.bmp,data/raw/2019/dibco2019_GT_trackB/GT/19.bmp,True,0.1143
2019,B,20,data/raw/2019/dibco2019_dataset_trackB/Dataset/20.bmp,data/raw/2019/dibco2019_GT_trackB/GT/20.bmp,True,0.0551
