epoch,train_loss,val_F,val_PSNR,seconds
1,0.4907,84.29,15.74,101
2,0.2966,78.99,15.67,71
3,0.1896,86.62,16.91,69
4,0.1419,86.62,16.06,68
5,0.1237,89.4,17.44,60
6,0.1103,89.52,17.15,69
7,0.1047,89.66,17.49,68
8,0.103,89.16,17.63,64
9,0.0987,90.12,17.63,70
10,0.0939,89.75,17.4,71
11,0.0939,89.98,17.7,70
12,0.0895,90.0,17.61,69
13,0.0855,90.7,17.88,65
14,0.0859,90.03,17.51,67
15,0.0866,90.36,17.67,64
16,0.0833,90.96,17.99,53
17,0.0813,90.49,17.73,87
18,0.0777,89.79,17.37,112
19,0.0795,90.74,18.04,113
20,0.0776,90.03,18.06,109
21,0.0785,90.64,18.26,117
22,0.0761,89.45,17.9,114
23,0.0765,89.13,17.69,112
24,0.0755,89.59,18.16,111
25,0.0742,89.52,17.81,112
26,0.075,88.64,17.94,115
27,0.0734,89.31,18.09,103
28,0.0734,89.24,18.09,115
29,0.0744,89.22,18.07,122
30,0.0721,89.42,18.18,61
